{"cameraMode":{"drawMode":0,"name":"Shaded","section":"Shading Mode"},"sceneLighting":false,"audioPlay":false,"sceneViewState":{"m_AlwaysRefresh":false,"showFog":true,"showSkybox":false,"showFlares":true,"showImageEffects":true,"showParticleSystems":true,"showVisualEffectGraphs":true,"m_FxEnabled":true},"in2DMode":false,"pivot":{"x":-3.3326706886291506,"y":0.8904784321784973,"z":4.584774017333984},"rotation":{"x":0.001839134027250111,"y":0.9981892704963684,"z":0.046138741075992587,"w":-0.039199348539114},"size":1.5215916633605958,"orthographic":false}