{"cameraMode":{"drawMode":0,"name":"Shaded","section":"Shading Mode"},"sceneLighting":false,"audioPlay":false,"sceneViewState":{"m_AlwaysRefresh":false,"showFog":true,"showSkybox":false,"showFlares":true,"showImageEffects":true,"showParticleSystems":true,"showVisualEffectGraphs":true,"m_FxEnabled":true},"in2DMode":false,"pivot":{"x":0.0002980232238769531,"y":0.000004194676876068115,"z":-0.008909046649932862},"rotation":{"x":-0.06382375210523606,"y":-0.7254355549812317,"z":0.06788334250450134,"w":-0.6819689273834229},"size":0.3607909381389618,"orthographic":false}