{"cameraMode":{"drawMode":0,"name":"Shaded","section":"Shading Mode"},"sceneLighting":false,"audioPlay":false,"sceneViewState":{"m_AlwaysRefresh":false,"showFog":true,"showSkybox":false,"showFlares":true,"showImageEffects":true,"showParticleSystems":true,"showVisualEffectGraphs":true,"m_FxEnabled":true},"in2DMode":false,"pivot":{"x":-0.12403315305709839,"y":0.8904908299446106,"z":0.11691519618034363},"rotation":{"x":-0.03216228261590004,"y":0.9675341248512268,"z":-0.16440032422542573,"w":-0.18928714096546174},"size":0.6195833086967468,"orthographic":false}