{"cameraMode":{"drawMode":0,"name":"Shaded","section":"Shading Mode"},"sceneLighting":false,"audioPlay":false,"sceneViewState":{"m_AlwaysRefresh":false,"showFog":true,"showSkybox":false,"showFlares":true,"showImageEffects":true,"showParticleSystems":true,"showVisualEffectGraphs":true,"m_FxEnabled":true},"in2DMode":false,"pivot":{"x":0.0002980232238769531,"y":0.000004194676876068115,"z":-0.008909046649932862},"rotation":{"x":0.06172351539134979,"y":-0.03892053663730621,"z":0.002408578060567379,"w":0.9973352551460266},"size":0.3607909381389618,"orthographic":false}