{"cameraMode":{"drawMode":0,"name":"Shaded","section":"Shading Mode"},"sceneLighting":false,"audioPlay":false,"sceneViewState":{"m_AlwaysRefresh":false,"showFog":true,"showSkybox":false,"showFlares":true,"showImageEffects":true,"showParticleSystems":true,"showVisualEffectGraphs":true,"m_FxEnabled":true},"in2DMode":false,"pivot":{"x":-0.04310321807861328,"y":1.7436599731445313,"z":0.07032966613769531},"rotation":{"x":-0.31011444330215456,"y":-0.00026079898816533387,"z":0.00007909863779786974,"w":-0.9507120251655579},"size":9.014263153076172,"orthographic":false}