{"cameraMode":{"drawMode":0,"name":"Shaded","section":"Shading Mode"},"sceneLighting":false,"audioPlay":false,"sceneViewState":{"m_AlwaysRefresh":false,"showFog":true,"showSkybox":false,"showFlares":true,"showImageEffects":true,"showParticleSystems":true,"showVisualEffectGraphs":true,"m_FxEnabled":true},"in2DMode":false,"pivot":{"x":0.00916069746017456,"y":0.8904908299446106,"z":0.11691519618034363},"rotation":{"x":0.10656853765249253,"y":0.7690942287445068,"z":-0.13305753469467164,"w":0.6159819960594177},"size":1.606488823890686,"orthographic":false}