{"cameraMode":{"drawMode":0,"name":"Shaded","section":"Shading Mode"},"sceneLighting":false,"audioPlay":false,"sceneViewState":{"m_AlwaysRefresh":false,"showFog":true,"showSkybox":false,"showFlares":true,"showImageEffects":true,"showParticleSystems":true,"showVisualEffectGraphs":true,"m_FxEnabled":true},"in2DMode":false,"pivot":{"x":-0.12403315305709839,"y":0.8904908299446106,"z":0.11691519618034363},"rotation":{"x":-0.005690695717930794,"y":0.9943070411682129,"z":-0.07502341270446778,"w":-0.07559765875339508},"size":1.7311044931411744,"orthographic":false}