{"cameraMode":{"drawMode":0,"name":"Shaded","section":"Shading Mode"},"sceneLighting":false,"audioPlay":false,"sceneViewState":{"m_AlwaysRefresh":false,"showFog":true,"showSkybox":false,"showFlares":true,"showImageEffects":true,"showParticleSystems":true,"showVisualEffectGraphs":true,"m_FxEnabled":true},"in2DMode":false,"pivot":{"x":3.7899999618530275,"y":2.4000000953674318,"z":8.850000381469727},"rotation":{"x":0.06172351539134979,"y":-0.03892053663730621,"z":0.002408578060567379,"w":0.9973352551460266},"size":4.661289215087891,"orthographic":false}