{"cameraMode":{"drawMode":0,"name":"Shaded","section":"Shading Mode"},"sceneLighting":false,"audioPlay":false,"sceneViewState":{"m_AlwaysRefresh":false,"showFog":true,"showSkybox":false,"showFlares":true,"showImageEffects":true,"showParticleSystems":true,"showVisualEffectGraphs":true,"m_FxEnabled":true},"in2DMode":false,"pivot":{"x":-0.19692987203598023,"y":1.6144700050354005,"z":12.330667495727539},"rotation":{"x":-0.31576046347618105,"y":-0.017338553443551065,"z":0.005765245761722326,"w":-0.948676347732544},"size":1.7374510765075684,"orthographic":false}